{
    "URI": 1,
    "abstract": 0.9300894034882017,
    "derivedFrom": 0.9948702916605598,
    "imageURL": 0.7008647222629342
}