{
    "URI": 1,
    "abstract": 0.927152814209698,
    "derivedFrom": 0.9949036948212546,
    "imageURL": 0.7011916360638537
}