{
    "took": 28,
    "timed_out": false,
    "_shards": {
        "total": 5,
        "successful": 5,
        "skipped": 0,
        "failed": 0
    },
    "hits": {
        "total": {
            "value": 3280,
            "relation": "eq"
        },
        "max_score": null,
        "hits": []
    },
    "aggregations": {
        "dbpedia_entities": {
            "doc_count": 101300,
            "similarityScore_stats": {
                "count": 101300,
                "min": 0.20698803663253784,
                "max": 1,
                "avg": 0.9252366378810717,
                "sum": 93726.47141735256,
                "sum_of_squares": 88739.51290240057,
                "variance": 0.0199442014585681,
                "variance_population": 0.0199442014585681,
                "variance_sampling": 0.019944398343053223,
                "std_deviation": 0.1412239408123428,
                "std_deviation_population": 0.1412239408123428,
                "std_deviation_sampling": 0.1412246378754544,
                "std_deviation_bounds": {
                    "upper": 1.2076845195057573,
                    "lower": 0.6427887562563861,
                    "upper_population": 1.2076845195057573,
                    "lower_population": 0.6427887562563861,
                    "upper_sampling": 1.2076859136319804,
                    "lower_sampling": 0.642787362130163
                }
            }
        }
    }
}