{
    "took": 101,
    "timed_out": false,
    "_shards": {
        "total": 5,
        "successful": 5,
        "skipped": 0,
        "failed": 0
    },
    "hits": {
        "total": {
            "value": 3391,
            "relation": "eq"
        },
        "max_score": null,
        "hits": []
    },
    "aggregations": {
        "dbpedia_entities": {
            "doc_count": 103132,
            "confidence_stats": {
                "count": 103132,
                "min": 0,
                "max": 100,
                "avg": 37.969010588372186,
                "sum": 3915820,
                "sum_of_squares": 183437800,
                "variance": 337.02428885157315,
                "variance_population": 337.02428885157315,
                "variance_sampling": 337.0275567757555,
                "std_deviation": 18.35822128779292,
                "std_deviation_population": 18.35822128779292,
                "std_deviation_sampling": 18.35831029195649,
                "std_deviation_bounds": {
                    "upper": 74.68545316395802,
                    "lower": 1.252568012786348,
                    "upper_population": 74.68545316395802,
                    "lower_population": 1.252568012786348,
                    "upper_sampling": 74.68563117228516,
                    "lower_sampling": 1.2523900044592082
                }
            }
        }
    }
}