{
    "took": 66,
    "timed_out": false,
    "_shards": {
        "total": 5,
        "successful": 5,
        "skipped": 0,
        "failed": 0
    },
    "hits": {
        "total": {
            "value": 3391,
            "relation": "eq"
        },
        "max_score": null,
        "hits": []
    },
    "aggregations": {
        "dbpedia_entities": {
            "doc_count": 103132,
            "similarityScore_stats": {
                "count": 103132,
                "min": 0.20698803663253784,
                "max": 1,
                "avg": 0.9248063105557977,
                "sum": 95377.12442024052,
                "sum_of_squares": 90272.65117949565,
                "variance": 0.020045035808398337,
                "variance_population": 0.020045035808398337,
                "variance_sampling": 0.02004523017319465,
                "std_deviation": 0.1415804923299758,
                "std_deviation_population": 0.1415804923299758,
                "std_deviation_sampling": 0.14158117873924717,
                "std_deviation_bounds": {
                    "upper": 1.2079672952157492,
                    "lower": 0.6416453258958461,
                    "upper_population": 1.2079672952157492,
                    "lower_population": 0.6416453258958461,
                    "upper_sampling": 1.207968668034292,
                    "lower_sampling": 0.6416439530773033
                }
            }
        }
    }
}