{
    "took": 99,
    "timed_out": false,
    "_shards": {
        "total": 5,
        "successful": 5,
        "skipped": 0,
        "failed": 0
    },
    "hits": {
        "total": {
            "value": 3280,
            "relation": "eq"
        },
        "max_score": null,
        "hits": []
    },
    "aggregations": {
        "dbpedia_entities": {
            "doc_count": 101300,
            "confidence_stats": {
                "count": 101300,
                "min": 0,
                "max": 100,
                "avg": 37.99684106614018,
                "sum": 3849080,
                "sum_of_squares": 180437000,
                "variance": 337.4542841968526,
                "variance_population": 337.4542841968526,
                "variance_sampling": 337.4576154665018,
                "std_deviation": 18.369928802171568,
                "std_deviation_population": 18.369928802171568,
                "std_deviation_sampling": 18.370019473764906,
                "std_deviation_bounds": {
                    "upper": 74.73669867048332,
                    "lower": 1.2569834617970415,
                    "upper_population": 74.73669867048332,
                    "lower_population": 1.2569834617970415,
                    "upper_sampling": 74.73688001366999,
                    "lower_sampling": 1.2568021186103664
                }
            }
        }
    }
}